{
    "inputUnits": [34],
    "outputUnits": 6,
    "inputs": {
        "0": {
            "dtype": "number",
            "min": 271.9564053427848,
            "max": 344.81033740804355
        },
        "1": {
            "dtype": "number",
            "min": -3.0560382887547064,
            "max": 224.6180600414944
        },
        "2": {
            "dtype": "number",
            "min": 286.87016943549366,
            "max": 347.2011272267145
        },
        "3": {
            "dtype": "number",
            "min": -16.06087769979633,
            "max": 209.24999786258206
        },
        "4": {
            "dtype": "number",
            "min": 254.42953740576363,
            "max": 329.6984162683153
        },
        "5": {
            "dtype": "number",
            "min": -12.25251075358706,
            "max": 212.98018043607124
        },
        "6": {
            "dtype": "number",
            "min": 307.03398708239604,
            "max": 361.1596415478896
        },
        "7": {
            "dtype": "number",
            "min": -11.694537804748293,
            "max": 220.91296244224225
        },
        "8": {
            "dtype": "number",
            "min": 233.92446614425006,
            "max": 310.0109008314081
        },
        "9": {
            "dtype": "number",
            "min": -5.848370860058978,
            "max": 227.80469129985408
        },
        "10": {
            "dtype": "number",
            "min": 211.83461942561405,
            "max": 395.4138082660126
        },
        "11": {
            "dtype": "number",
            "min": 55.33761703550584,
            "max": 303.2769609147009
        },
        "12": {
            "dtype": "number",
            "min": 210.23282062218811,
            "max": 399.33954572863155
        },
        "13": {
            "dtype": "number",
            "min": 56.09344126185556,
            "max": 303.2836130342595
        },
        "14": {
            "dtype": "number",
            "min": 140.70416521005595,
            "max": 505.6749870804961
        },
        "15": {
            "dtype": "number",
            "min": 90.34472513755472,
            "max": 367.5531409593872
        },
        "16": {
            "dtype": "number",
            "min": 132.6394332707624,
            "max": 508.70916344312377
        },
        "17": {
            "dtype": "number",
            "min": 75.98242377492704,
            "max": 344.24707672475375
        },
        "18": {
            "dtype": "number",
            "min": 110.3229460363722,
            "max": 561.5136787028628
        },
        "19": {
            "dtype": "number",
            "min": 31.429101966234498,
            "max": 419.4754325183913
        },
        "20": {
            "dtype": "number",
            "min": 99.11871409137889,
            "max": 534.9291968438412
        },
        "21": {
            "dtype": "number",
            "min": 38.59545043470331,
            "max": 353.5164357344928
        },
        "22": {
            "dtype": "number",
            "min": 234.08930440821072,
            "max": 393.37698435505075
        },
        "23": {
            "dtype": "number",
            "min": 244.4803153308913,
            "max": 502.8522856597307
        },
        "24": {
            "dtype": "number",
            "min": 222.63605140062623,
            "max": 377.66441256155764
        },
        "25": {
            "dtype": "number",
            "min": 241.90869758101292,
            "max": 480.15433641723155
        },
        "26": {
            "dtype": "number",
            "min": 223.30187727041283,
            "max": 438.8527012613497
        },
        "27": {
            "dtype": "number",
            "min": 331.61761094623967,
            "max": 576.2349775143634
        },
        "28": {
            "dtype": "number",
            "min": 195.73697398144913,
            "max": 377.19289223043836
        },
        "29": {
            "dtype": "number",
            "min": 392.87009569457535,
            "max": 578.0192310615272
        },
        "30": {
            "dtype": "number",
            "min": 211.46901052749575,
            "max": 443.1562425190373
        },
        "31": {
            "dtype": "number",
            "min": 388.76914829595546,
            "max": 580.8656257599708
        },
        "32": {
            "dtype": "number",
            "min": 201.0911669898126,
            "max": 387.2701325769091
        },
        "33": {
            "dtype": "number",
            "min": 512.37389531117,
            "max": 586.0541768946073
        }
    },
    "outputs": {
        "0": {
            "dtype": "string",
            "min": 0,
            "max": 1,
            "uniqueValues": ["sq_u", "sq_d", "ja_u", "ja_d", "sqaut", "jack"],
            "legend": {
                "sq_u": [1, 0, 0, 0, 0, 0],
                "sq_d": [0, 1, 0, 0, 0, 0],
                "ja_u": [0, 0, 1, 0, 0, 0],
                "ja_d": [0, 0, 0, 1, 0, 0],
                "sqaut": [0, 0, 0, 0, 1, 0],
                "jack": [0, 0, 0, 0, 0, 1]
            }
        }
    },
    "isNormalized": true
}