{"inputUnits":[24],"outputUnits":2,"inputs":{"0":{"dtype":"number","min":384.623503332472,"max":446.38946058221364},"1":{"dtype":"number","min":90.0369535809825,"max":123.80329235982339},"2":{"dtype":"number","min":249.89065801123238,"max":438.8233371838521},"3":{"dtype":"number","min":91.57263492331896,"max":149.3068555542467},"4":{"dtype":"number","min":474.86928680063687,"max":550.3232244944294},"5":{"dtype":"number","min":145.91499773908683,"max":222.64304075723493},"6":{"dtype":"number","min":188.57405725620137,"max":484.2293830604405},"7":{"dtype":"number","min":176.90215945707683,"max":253.67901160095454},"8":{"dtype":"number","min":467.70244910095454,"max":575.249035312044},"9":{"dtype":"number","min":35.94375194742523,"max":316.77938409352583},"10":{"dtype":"number","min":150.7617864349009,"max":549.450704374202},"11":{"dtype":"number","min":79.72225248581705,"max":351.5993936145352},"12":{"dtype":"number","min":375.13132295719845,"max":436.0695324612035},"13":{"dtype":"number","min":308.68105995979755,"max":342.89279804155524},"14":{"dtype":"number","min":280.18605124625714,"max":429.5421579561345},"15":{"dtype":"number","min":310.70146078265594,"max":344.1028971987476},"16":{"dtype":"number","min":342.1110754347033,"max":437.23263536445825},"17":{"dtype":"number","min":477.6451044416614,"max":584.8036686641233},"18":{"dtype":"number","min":286.34082541855395,"max":433.7381352524813},"19":{"dtype":"number","min":482.6781036139462,"max":575.2575374855605},"20":{"dtype":"number","min":321.8657147003055,"max":435.4038591793075},"21":{"dtype":"number","min":557.39916677141,"max":581.1201067379013},"22":{"dtype":"number","min":285.05464724529577,"max":439.61758476287014},"23":{"dtype":"number","min":558.9610910972269,"max":582.4524923242948}},"outputs":{"0":{"dtype":"string","min":0,"max":1,"uniqueValues":["start","jack"],"legend":{"start":[1,0],"jack":[0,1]}}},"isNormalized":true}