{
    "inputUnits": [34],
    "outputUnits": 2,
    "inputs": {
        "0": {
            "dtype": "number",
            "min": 271.9564053427848,
            "max": 299.92685043394334
        },
        "1": {
            "dtype": "number",
            "min": -3.0560382887547064,
            "max": 224.6180600414944
        },
        "2": {
            "dtype": "number",
            "min": 286.87016943549366,
            "max": 309.27847658149926
        },
        "3": {
            "dtype": "number",
            "min": -16.06087769979633,
            "max": 209.24999786258206
        },
        "4": {
            "dtype": "number",
            "min": 254.42953740576363,
            "max": 282.16629651733876
        },
        "5": {
            "dtype": "number",
            "min": -12.25251075358706,
            "max": 212.98018043607124
        },
        "6": {
            "dtype": "number",
            "min": 307.03398708239604,
            "max": 326.73472482406675
        },
        "7": {
            "dtype": "number",
            "min": -11.585572239026021,
            "max": 220.91296244224225
        },
        "8": {
            "dtype": "number",
            "min": 233.92446614425006,
            "max": 268.5828800424064
        },
        "9": {
            "dtype": "number",
            "min": -5.848370860058978,
            "max": 227.80469129985408
        },
        "10": {
            "dtype": "number",
            "min": 211.83461942561405,
            "max": 361.0936143333346
        },
        "11": {
            "dtype": "number",
            "min": 78.6096195117045,
            "max": 303.2769609147009
        },
        "12": {
            "dtype": "number",
            "min": 210.23282062218811,
            "max": 353.25052224244587
        },
        "13": {
            "dtype": "number",
            "min": 79.64846414350814,
            "max": 303.2836130342595
        },
        "14": {
            "dtype": "number",
            "min": 140.70416521005595,
            "max": 445.4452004043045
        },
        "15": {
            "dtype": "number",
            "min": 109.9127310073793,
            "max": 353.2307760631992
        },
        "16": {
            "dtype": "number",
            "min": 132.6394332707624,
            "max": 455.4993673242948
        },
        "17": {
            "dtype": "number",
            "min": 122.96446299274609,
            "max": 344.24707672475375
        },
        "18": {
            "dtype": "number",
            "min": 129.3387814532922,
            "max": 460.3044918075146
        },
        "19": {
            "dtype": "number",
            "min": 47.461018246899314,
            "max": 349.7637749460421
        },
        "20": {
            "dtype": "number",
            "min": 119.17221700171089,
            "max": 454.1037866020945
        },
        "21": {
            "dtype": "number",
            "min": 50.130851537800936,
            "max": 353.5164357344928
        },
        "22": {
            "dtype": "number",
            "min": 234.08930440821072,
            "max": 338.6953901595179
        },
        "23": {
            "dtype": "number",
            "min": 260.4268316721638,
            "max": 502.8522856597307
        },
        "24": {
            "dtype": "number",
            "min": 222.63605140062623,
            "max": 336.2340821737445
        },
        "25": {
            "dtype": "number",
            "min": 265.03794748031675,
            "max": 480.15433641723155
        },
        "26": {
            "dtype": "number",
            "min": 223.30187727041283,
            "max": 414.6791141970148
        },
        "27": {
            "dtype": "number",
            "min": 418.50526089798154,
            "max": 576.2349775143634
        },
        "28": {
            "dtype": "number",
            "min": 195.73697398144913,
            "max": 348.96010818184584
        },
        "29": {
            "dtype": "number",
            "min": 414.3336955860895,
            "max": 578.0192310615272
        },
        "30": {
            "dtype": "number",
            "min": 211.46901052749575,
            "max": 430.8309378419869
        },
        "31": {
            "dtype": "number",
            "min": 524.5176969891857,
            "max": 580.8656257599708
        },
        "32": {
            "dtype": "number",
            "min": 201.0911669898126,
            "max": 343.53085766506564
        },
        "33": {
            "dtype": "number",
            "min": 529.6098119832199,
            "max": 586.0541768946073
        }
    },
    "outputs": {
        "0": {
            "dtype": "string",
            "min": 0,
            "max": 1,
            "uniqueValues": ["sqaut", "jack"],
            "legend": {
                "sqaut": [1, 0],
                "jack": [0, 1]
            }
        }
    },
    "isNormalized": true
}