{"inputUnits":[34],"outputUnits":2,"inputs":{"0":{"dtype":"number","min":270.7118795075769,"max":316.05229270133526},"1":{"dtype":"number","min":8.641958273802288,"max":159.36148001526118},"2":{"dtype":"number","min":287.0774342577745,"max":329.44835737057696},"3":{"dtype":"number","min":-0.3337712974399949,"max":142.2353722242066},"4":{"dtype":"number","min":256.70985002925886,"max":304.33000260290004},"5":{"dtype":"number","min":2.783136924417107,"max":143.13987642874514},"6":{"dtype":"number","min":311.4679050074477,"max":356.5649845999039},"7":{"dtype":"number","min":8.64118286607794,"max":151.81066906405795},"8":{"dtype":"number","min":239.20926350100032,"max":288.9257230647343},"9":{"dtype":"number","min":8.194957688624754,"max":151.28698742343295},"10":{"dtype":"number","min":277.64985451902396,"max":387.18998415460845},"11":{"dtype":"number","min":85.84776407085968,"max":256.5915083235804},"12":{"dtype":"number","min":212.23643262098736,"max":381.9414784472276},"13":{"dtype":"number","min":89.89409331681662,"max":247.21271678167557},"14":{"dtype":"number","min":265.1354956719662,"max":506.9428843932393},"15":{"dtype":"number","min":44.407657370956954,"max":360.1474410179524},"16":{"dtype":"number","min":111.37581020013832,"max":482.24807115844254},"17":{"dtype":"number","min":75.26273616093141,"max":331.51579504347035},"18":{"dtype":"number","min":244.3515400571118,"max":571.134251694735},"19":{"dtype":"number","min":1.3368219160384314,"max":405.4703138774471},"20":{"dtype":"number","min":32.9967549246109,"max":426.84423186899625},"21":{"dtype":"number","min":52.95508002492704,"max":413.52466152799735},"22":{"dtype":"number","min":238.0322265625,"max":371.898870208384},"23":{"dtype":"number","min":294.3461911687591,"max":461.34932343598007},"24":{"dtype":"number","min":223.98813091827273,"max":381.2595851319309},"25":{"dtype":"number","min":291.639404296875,"max":455.3187792588765},"26":{"dtype":"number","min":195.5500039423486,"max":379.98235680249877},"27":{"dtype":"number","min":349.9996461385883,"max":594.8605714790552},"28":{"dtype":"number","min":164.18627549702092,"max":376.93307720733526},"29":{"dtype":"number","min":401.34639279851655,"max":593.7787197721608},"30":{"dtype":"number","min":217.00220011551556,"max":380.7091738927225},"31":{"dtype":"number","min":422.2688061903423,"max":579.9991402830132},"32":{"dtype":"number","min":195.02231761175372,"max":383.3776356737901},"33":{"dtype":"number","min":413.422307708384,"max":580.4145213323809}},"outputs":{"0":{"dtype":"string","min":0,"max":1,"uniqueValues":["squat","jack"],"legend":{"squat":[1,0],"jack":[0,1]}}},"isNormalized":true}