{"inputUnits":[34],"outputUnits":4,"inputs":{"0":{"dtype":"number","min":286.9187582884317,"max":344.81033740804355},"1":{"dtype":"number","min":-0.9667860394785777,"max":204.01845731623905},"2":{"dtype":"number","min":301.1490948747568,"max":347.2011272267145},"3":{"dtype":"number","min":-14.442922391780158,"max":189.27511905417833},"4":{"dtype":"number","min":275.23869674029515,"max":329.6984162683153},"5":{"dtype":"number","min":-11.797190862870863,"max":191.3307593675903},"6":{"dtype":"number","min":325.1020735803745,"max":361.1596415478896},"7":{"dtype":"number","min":-11.694537804748293,"max":201.95058859739788},"8":{"dtype":"number","min":256.036897058153,"max":310.0109008314081},"9":{"dtype":"number","min":-5.0137726898787065,"max":203.20203996354041},"10":{"dtype":"number","min":245.14292973024837,"max":395.4138082660126},"11":{"dtype":"number","min":55.33761703550584,"max":275.68626314749514},"12":{"dtype":"number","min":232.61919073557576,"max":399.33954572863155},"13":{"dtype":"number","min":56.09344126185556,"max":267.1242633032892},"14":{"dtype":"number","min":174.8961630498389,"max":505.6749870804961},"15":{"dtype":"number","min":90.34472513755472,"max":367.5531409593872},"16":{"dtype":"number","min":155.85980337417544,"max":508.70916344312377},"17":{"dtype":"number","min":75.98242377492704,"max":279.8607448473979},"18":{"dtype":"number","min":110.3229460363722,"max":561.5136787028628},"19":{"dtype":"number","min":31.429101966234498,"max":419.4754325183913},"20":{"dtype":"number","min":99.11871409137889,"max":534.9291968438412},"21":{"dtype":"number","min":38.59545043470331,"max":304.29009582282043},"22":{"dtype":"number","min":261.82654473568215,"max":393.37698435505075},"23":{"dtype":"number","min":244.4803153308913,"max":447.4132107389577},"24":{"dtype":"number","min":243.64595316727338,"max":377.66441256155764},"25":{"dtype":"number","min":241.90869758101292,"max":447.88892634647834},"26":{"dtype":"number","min":245.26899523308305,"max":438.8527012613497},"27":{"dtype":"number","min":331.61761094623967,"max":567.7094954553745},"28":{"dtype":"number","min":210.20778077121838,"max":377.19289223043836},"29":{"dtype":"number","min":392.87009569457535,"max":574.3393348070434},"30":{"dtype":"number","min":226.10993619095026,"max":443.1562425190373},"31":{"dtype":"number","min":388.76914829595546,"max":561.0488012885305},"32":{"dtype":"number","min":226.34614580800098,"max":387.2701325769091},"33":{"dtype":"number","min":512.37389531117,"max":560.8551544901926}},"outputs":{"0":{"dtype":"string","min":0,"max":1,"uniqueValues":["sq_u","sq_d","ja_u","ja_d"],"legend":{"sq_u":[1,0,0,0],"sq_d":[0,1,0,0],"ja_u":[0,0,1,0],"ja_d":[0,0,0,1]}}},"isNormalized":true}