{"inputUnits":[3],"outputUnits":2,"inputs":{"squat":{"dtype":"number","min":250.4232989953186,"max":328.05694105096364},"jumpjack":{"dtype":"number","min":-5.679677525383028,"max":232.05699698006595},"undefined":{"dtype":"number","min":485.2400278766795,"max":579.1048659981457}},"outputs":{"label":{"dtype":"string","min":0,"max":1,"uniqueValues":["sq_u","ja_u"],"legend":{"sq_u":[1,0],"ja_u":[0,1]}}},"isNormalized":true}