{"inputUnits":[24],"outputUnits":3,"inputs":{"0":{"dtype":"number","min":266.8949955446711,"max":381.4680973750608},"1":{"dtype":"number","min":253.36395144926433,"max":321.3308534733516},"2":{"dtype":"number","min":217.48678600741732,"max":309.4388820781782},"3":{"dtype":"number","min":259.28078618031066,"max":321.33177820346697},"4":{"dtype":"number","min":237.63551556182742,"max":416.5577525573018},"5":{"dtype":"number","min":244.3574155814917,"max":380.21759508184886},"6":{"dtype":"number","min":190.0499817369513,"max":360.1679867993069},"7":{"dtype":"number","min":261.66684874300825,"max":384.74592988129257},"8":{"dtype":"number","min":208.6068345600529,"max":457.4262293952912},"9":{"dtype":"number","min":207.3330421299322,"max":423.7762593666403},"10":{"dtype":"number","min":146.37025113235651,"max":337.0323305835056},"11":{"dtype":"number","min":209.1596777058761,"max":432.72084276963767},"12":{"dtype":"number","min":274.62778885540797,"max":365.62773173885125},"13":{"dtype":"number","min":373.9189225133755,"max":444.80193913678715},"14":{"dtype":"number","min":251.41999834706348,"max":310.1964156451392},"15":{"dtype":"number","min":369.2258307905976,"max":448.5524728975407},"16":{"dtype":"number","min":274.03965901771875,"max":359.4149269668045},"17":{"dtype":"number","min":463.474085470118,"max":551.0072801641917},"18":{"dtype":"number","min":233.94079839209175,"max":316.9477747757611},"19":{"dtype":"number","min":442.50904691822336,"max":555.0769847469107},"20":{"dtype":"number","min":265.56399927992766,"max":366.4622432248602},"21":{"dtype":"number","min":485.4809944360636,"max":581.780872864482},"22":{"dtype":"number","min":242.0575533024532,"max":329.050148099313},"23":{"dtype":"number","min":497.59506522449544,"max":578.4493341705679}},"outputs":{"0":{"dtype":"string","min":0,"max":1,"uniqueValues":["start","sqaut","jack"],"legend":{"start":[1,0,0],"sqaut":[0,1,0],"jack":[0,0,1]}}},"isNormalized":true}