{
    "inputUnits": [24],
    "outputUnits": 4,
    "inputs": {
        "0": {
            "dtype": "number",
            "min": 305.4686371918318,
            "max": 396.4562982343978
        },
        "1": {
            "dtype": "number",
            "min": 253.53674743889837,
            "max": 323.32758922057394
        },
        "2": {
            "dtype": "number",
            "min": 236.65979199836227,
            "max": 324.5453765512904
        },
        "3": {
            "dtype": "number",
            "min": 265.7935947759606,
            "max": 322.4605432651386
        },
        "4": {
            "dtype": "number",
            "min": 320.2647502320286,
            "max": 419.8439589919747
        },
        "5": {
            "dtype": "number",
            "min": 217.43316056663423,
            "max": 355.9278387225556
        },
        "6": {
            "dtype": "number",
            "min": 209.4507382166525,
            "max": 304.7624877454706
        },
        "7": {
            "dtype": "number",
            "min": 224.58940201696254,
            "max": 365.89068579766536
        },
        "8": {
            "dtype": "number",
            "min": 309.38332168044747,
            "max": 485.42198032720546
        },
        "9": {
            "dtype": "number",
            "min": 182.62720961515078,
            "max": 403.2430988712533
        },
        "10": {
            "dtype": "number",
            "min": 156.08092074264349,
            "max": 372.92628069332136
        },
        "11": {
            "dtype": "number",
            "min": 199.0522170901762,
            "max": 413.5495968829797
        },
        "12": {
            "dtype": "number",
            "min": 284.8827673767327,
            "max": 376.10236498168473
        },
        "13": {
            "dtype": "number",
            "min": 371.3172122940479,
            "max": 445.96572697858403
        },
        "14": {
            "dtype": "number",
            "min": 249.461935911661,
            "max": 336.12016492316695
        },
        "15": {
            "dtype": "number",
            "min": 378.0573222238266,
            "max": 443.04714336469476
        },
        "16": {
            "dtype": "number",
            "min": 249.55568781158803,
            "max": 403.8698046495015
        },
        "17": {
            "dtype": "number",
            "min": 378.32632695654485,
            "max": 534.0185202513223
        },
        "18": {
            "dtype": "number",
            "min": 234.03315918918713,
            "max": 394.92548011156373
        },
        "19": {
            "dtype": "number",
            "min": 361.5950457502432,
            "max": 544.787464661357
        },
        "20": {
            "dtype": "number",
            "min": 255.7829314354329,
            "max": 397.17343341515686
        },
        "21": {
            "dtype": "number",
            "min": 462.87433787542557,
            "max": 587.3573748518057
        },
        "22": {
            "dtype": "number",
            "min": 232.56460345672727,
            "max": 387.4538994577608
        },
        "23": {
            "dtype": "number",
            "min": 455.0287221470695,
            "max": 589.8688717853234
        }
    },
    "outputs": {
        "0": {
            "dtype": "string",
            "min": 0,
            "max": 1,
            "uniqueValues": ["start", "sqaut", "jack", "high_knees"],
            "legend": {
                "start": [1, 0, 0, 0],
                "sqaut": [0, 1, 0, 0],
                "jack": [0, 0, 1, 0],
                "high_knees": [0, 0, 0, 1]
            }
        }
    },
    "isNormalized": true
}