{"inputUnits":[34],"outputUnits":3,"inputs":{"0":{"dtype":"number","min":270.08724702471426,"max":403.972850755031},"1":{"dtype":"number","min":-5.674236609314207,"max":111.52855602219876},"2":{"dtype":"number","min":286.346030624924,"max":423.1808578550584},"3":{"dtype":"number","min":-16.687023593294015,"max":97.37991986107733},"4":{"dtype":"number","min":249.34059232125486,"max":383.29828284593873},"5":{"dtype":"number","min":-17.61172164738874,"max":96.08269954933732},"6":{"dtype":"number","min":311.54576639257056,"max":449.0926114687196},"7":{"dtype":"number","min":-2.9761644652845263,"max":120.89718711051495},"8":{"dtype":"number","min":220.4442682525991,"max":357.8290569735872},"9":{"dtype":"number","min":-5.630296640359006,"max":118.67205894410841},"10":{"dtype":"number","min":339.0138203068002,"max":482.77422151676876},"11":{"dtype":"number","min":108.59744060828064,"max":232.2845340238935},"12":{"dtype":"number","min":186.30274909943458,"max":325.50817407986534},"13":{"dtype":"number","min":113.39244026154395,"max":239.44624273693518},"14":{"dtype":"number","min":417.1645880673182,"max":574.5672749916404},"15":{"dtype":"number","min":149.82487363110258,"max":313.357891275725},"16":{"dtype":"number","min":103.30141535065053,"max":265.10850008359677},"17":{"dtype":"number","min":161.61949335833003,"max":322.6099306692873},"18":{"dtype":"number","min":458.8529273600894,"max":649.9140651123997},"19":{"dtype":"number","min":55.90737903164518,"max":315.27489391282376},"20":{"dtype":"number","min":62.961951823549974,"max":234.32144936884424},"21":{"dtype":"number","min":123.67190528008726,"max":343.91893438791953},"22":{"dtype":"number","min":323.3626497023764,"max":457.56205517958114},"23":{"dtype":"number","min":348.57630332620226,"max":465.7999440946468},"24":{"dtype":"number","min":205.51903513155096,"max":330.4723372997477},"25":{"dtype":"number","min":349.5809396231685,"max":481.60223103682824},"26":{"dtype":"number","min":359.78484105507226,"max":553.5851053319552},"27":{"dtype":"number","min":519.6002992860074,"max":598.4795976334509},"28":{"dtype":"number","min":146.0633048565935,"max":323.9804273078414},"29":{"dtype":"number","min":539.6128138679475,"max":601.7807208703185},"30":{"dtype":"number","min":343.6007262946103,"max":544.2663467347854},"31":{"dtype":"number","min":479.47332834919143,"max":571.7292019736442},"32":{"dtype":"number","min":161.58452223247127,"max":325.6525305365774},"33":{"dtype":"number","min":497.08448358083047,"max":577.4851615697958}},"outputs":{"0":{"dtype":"string","min":0,"max":1,"uniqueValues":["start","jack","sqaut"],"legend":{"start":[1,0,0],"jack":[0,1,0],"sqaut":[0,0,1]}}},"isNormalized":true}